,省份,时间,学科类别,批次,分数线
0,北京,2019年,文科,本科批,480
1,北京,2019年,理科,本科批,423
2,北京,2019年,文科,自主招生线,559
3,北京,2019年,理科,自主招生线,527
4,北京,2019年,文科,艺术类本科,335
5,北京,2019年,理科,艺术类本科,295
6,北京,2019年,文科,体育类本科,330
7,北京,2019年,理科,体育类本科,300
8,北京,2019年,文科,专科提前批面试线,120
9,北京,2019年,理科,专科提前批面试线,120
10,北京,2018年,文科,一批,576
11,北京,2018年,理科,一批,532
12,北京,2018年,文科,二批,488
13,北京,2018年,理科,二批,432
14,北京,2018年,文科,艺术类本科,340
15,北京,2018年,理科,艺术类本科,300
16,北京,2018年,文科,体育,340
17,北京,2018年,理科,体育,300
18,北京,2018年,文科,专科,150
19,北京,2018年,理科,专科,150
20,北京,2017年,文科,一批,555
21,北京,2017年,理科,一批,537
22,北京,2017年,文科,二批,468
23,北京,2017年,理科,二批,439
24,北京,2017年,文科,专科,150
25,北京,2017年,理科,专科,150
26,北京,2017年,文科,艺术,320
27,北京,2017年,理科,艺术,300
28,北京,2017年,文科,体育,320
29,北京,2017年,理科,体育,300
30,北京,2016年,文科,一批,583
31,北京,2016年,理科,一批,548
32,北京,2016年,文科,二批,532
33,北京,2016年,理科,二批,494
34,北京,2016年,文科,三批,488
35,北京,2016年,理科,三批,438
36,北京,2016年,文科,专科,150
37,北京,2016年,理科,专科,150
38,北京,2016年,文科,艺术类,346
39,北京,2016年,理科,艺术类,321
40,北京,2016年,文科,体育类,350
41,北京,2016年,理科,体育类,330
42,北京,2015年,文科,一批,579
43,北京,2015年,理科,一批,548
44,北京,2015年,文科,二批,527
45,北京,2015年,理科,二批,495
46,北京,2015年,文科,三批,477
47,北京,2015年,理科,三批,452
48,北京,2015年,文科,专科,150
49,北京,2015年,理科,专科,150
50,北京,2015年,文科,艺术类,342
51,北京,2015年,理科,艺术类,321
52,北京,2015年,文科,体育类,350
53,北京,2015年,理科,体育类,350
54,北京,2014年,文科,一批,565
55,北京,2014年,理科,一批,543
56,北京,2014年,文科,二批,507
57,北京,2014年,理科,二批,495
58,北京,2014年,文科,三批,458
59,北京,2014年,理科,三批,466
60,北京,2014年,文科,专科,150
61,北京,2014年,理科,专科,150
62,北京,2014年,文科,艺术类,329
63,北京,2014年,理科,艺术类,321
64,北京,2014年,文科,体育类,350
65,北京,2014年,理科,体育类,350
66,天津,2019年,文科,本科批,428
67,天津,2019年,理科,本科批,400
68,天津,2019年,文科,自主招生参考线,500
69,天津,2019年,理科,自主招生参考线,551
70,天津,2019年,文科,艺术类本科,299
71,天津,2019年,理科,艺术类本科,280
72,天津,2019年,文科,体育类本科,380
73,天津,2019年,理科,体育类本科,374
74,天津,2018年,文科,本科批,436
75,天津,2018年,理科,本科批,407
76,天津,2018年,文科,高职,130
77,天津,2018年,理科,高职,130
78,天津,2017年,文科,一批,531
79,天津,2017年,理科,一批,521
80,天津,2017年,文科,二批,401
81,天津,2017年,理科,二批,395
82,天津,2017年,文科,艺术,280
83,天津,2017年,理科,艺术,276
84,天津,2017年,文科,体育,394
85,天津,2017年,理科,体育,374
86,天津,2016年,文科,一批,532
87,天津,2016年,理科,一批,512
88,天津,2016年,文科,二批,460
89,天津,2016年,理科,二批,424
90,天津,2016年,文科,专科,200
91,天津,2016年,理科,专科,200
92,天津,2015年,文科,一批,547
93,天津,2015年,理科,一批,538
94,天津,2015年,文科,二批,486
95,天津,2015年,理科,二批,459
96,天津,2014年,文科,一批,523
97,天津,2014年,理科,一批,516
98,天津,2014年,文科,二批,462
99,天津,2014年,理科,二批,439
100,天津,2014年,文科,艺术类,300
101,天津,2014年,理科,艺术类,285
102,天津,2014年,文科,体育,395
103,天津,2014年,理科,体育,366
104,上海,2019年,综合,自主招生控制分数线,503
105,上海,2019年,综合,本科录取控制分数线,403
106,上海,2019年,综合,体育类本科文化控制分数线,282
107,上海,2019年,综合,艺术类本科文化控制分数线,262
108,上海,2018年,综合,自主招生控制分数线,502
109,上海,2018年,综合,本科录取控制分数线,401
110,上海,2018年,综合,体育类本科文化控制分数线,281
111,上海,2018年,综合,艺术类本科文化控制分数线,261
112,上海,2018年,综合,高职(专科),143
113,上海,2017年,综合,自主招生控制分数线,501
114,上海,2017年,综合,本科录取控制分数线,402
115,上海,2017年,综合,体育类本科文化控制分数线,281
116,上海,2017年,综合,艺术类本科文化控制分数线,261
117,上海,2016年,文科,自主招生,450
118,上海,2016年,理科,自主招生,438
119,上海,2016年,文科,本科,368
120,上海,2016年,理科,本科,360
121,上海,2016年,文科,专科,165
122,上海,2016年,理科,专科,229
123,上海,2016年,文科,体育类本科,258
124,上海,2016年,理科,体育类本科,252
125,上海,2016年,文科,艺术类本科,239
126,上海,2016年,理科,艺术类本科,234
127,上海,2015年,文科,一批,434
128,上海,2015年,理科,一批,414
129,上海,2015年,文科,农村专项计划,414
130,上海,2015年,理科,农村专项计划,394
131,上海,2015年,文科,二批,372
132,上海,2015年,理科,二批,348
133,上海,2015年,文科,体育类文化本科,260
134,上海,2015年,理科,体育类文化本科,244
135,上海,2015年,文科,艺术类本科,242
136,上海,2015年,理科,艺术类本科,226
137,上海,2014年,文科,一批,444
138,上海,2014年,理科,一批,423
139,上海,2014年,文科,二批,390
140,上海,2014年,理科,二批,351
141,重庆,2019年,文科,一批,545
142,重庆,2019年,理科,一批,525
143,重庆,2019年,文科,二批,458
144,重庆,2019年,理科,二批,435
145,重庆,2019年,文科,高职(专科),180
146,重庆,2019年,理科,高职(专科),180
147,重庆,2018年,文科,一批,524
148,重庆,2018年,理科,一批,524
149,重庆,2018年,文科,二批,434
150,重庆,2018年,理科,二批,428
151,重庆,2018年,文科,高职(专科),140
152,重庆,2018年,理科,高职(专科),140
153,重庆,2017年,文科,一批,525
154,重庆,2017年,理科,一批,492
155,重庆,2017年,文科,二批,436
156,重庆,2017年,理科,二批,395
157,重庆,2017年,文科,高职(专科),140
158,重庆,2017年,理科,高职(专科),140
159,重庆,2016年,文科,一批,527
160,重庆,2016年,理科,一批,525
161,重庆,2016年,文科,二批,435
162,重庆,2016年,理科,二批,416
163,重庆,2016年,文科,专科,140
164,重庆,2016年,理科,专科,140
165,重庆,2015年,文科,一批,572
166,重庆,2015年,理科,一批,573
167,重庆,2015年,文科,二批,532
168,重庆,2015年,理科,二批,527
169,重庆,2015年,文科,三批,482
170,重庆,2015年,理科,三批,485
171,重庆,2015年,文科,专科一段,240
172,重庆,2015年,理科,专科一段,224
173,重庆,2015年,文科,专科二段,140
174,重庆,2015年,理科,专科二段,150
175,重庆,2014年,文科,一批,555
176,重庆,2014年,理科,一批,514
177,重庆,2014年,文科,二批,507
178,重庆,2014年,理科,二批,455
179,重庆,2014年,文科,三批,466
180,重庆,2014年,理科,三批,422
181,重庆,2014年,文科,专科一批,234
182,重庆,2014年,理科,专科一批,213
183,重庆,2014年,文科,专科二批,160
184,重庆,2014年,理科,专科二批,150
185,河北,2019年,文科,一批,549
186,河北,2019年,理科,一批,502
187,河北,2019年,文科,二批,461
188,河北,2019年,理科,二批,379
189,河北,2019年,文科,专科,220
190,河北,2019年,理科,专科,200
191,河北,2019年,文科,艺术,284
192,河北,2019年,理科,艺术,284
193,河北,2019年,文科,体育,303/275（本）
194,河北,2019年,理科,体育,210/275（本）
195,河北,2018年,文科,一批,559
196,河北,2018年,理科,一批,511
197,河北,2018年,文科,二批,441
198,河北,2018年,理科,二批,358
199,河北,2018年,文科,专科,200
200,河北,2018年,理科,专科,200
201,河北,2017年,文科,一批,517
202,河北,2017年,理科,一批,485
203,河北,2017年,文科,二批,395
204,河北,2017年,理科,二批,326
205,河北,2017年,文科,专科,200
206,河北,2017年,理科,专科,200
207,河北,2016年,文科,一批,535
208,河北,2016年,理科,一批,525
209,河北,2016年,文科,二批,416
210,河北,2016年,理科,二批,364
211,河北,2016年,文科,专科,200
212,河北,2016年,理科,专科,200
213,河北,2015年,文科,一批,548
214,河北,2015年,理科,一批,544
215,河北,2015年,文科,二批,496
216,河北,2015年,理科,二批,474
217,河北,2015年,文科,三批,404
218,河北,2015年,理科,三批,335
219,河北,2015年,文科,专科,200
220,河北,2015年,理科,专科,200
221,河北,2014年,文科,一批,563
222,河北,2014年,理科,一批,573
223,河北,2014年,文科,二批,513
224,河北,2014年,理科,二批,503
225,河北,2014年,文科,三批,415
226,河北,2014年,理科,三批,326
227,山西,2019年,文科,一批,542
228,山西,2019年,理科,一批,507
229,山西,2019年,文科,二批,481
230,山西,2019年,理科,二批,432
231,山西,2019年,文科,艺术类一批,379
232,山西,2019年,理科,艺术类一批,355
233,山西,2019年,文科,艺术类二批,337
234,山西,2019年,理科,艺术类二批,302
235,山西,2019年,文科,体育类一批,434
236,山西,2019年,理科,体育类一批,406
237,山西,2019年,文科,体育类二批,385
238,山西,2019年,理科,体育类二批,346
239,山西,2018年,文科,一批,546
240,山西,2018年,理科,一批,516
241,山西,2018年,文科,二批,476
242,山西,2018年,理科,二批,432
243,山西,2018年,文科,艺术类一批,355
244,山西,2018年,理科,艺术类一批,335
245,山西,2018年,文科,体育类一批,437
246,山西,2018年,理科,体育类一批,413
247,山西,2018年,文科,高职(专科),150
248,山西,2018年,理科,高职(专科),150
249,山西,2017年,文科,一批,518
250,山西,2017年,理科,一批,481
251,山西,2017年,文科,二批,452
252,山西,2017年,理科,二批,400
253,山西,2017年,文科,艺术类一批,337
254,山西,2017年,理科,艺术类一批,313
255,山西,2017年,文科,艺术类二批,294
256,山西,2017年,理科,艺术类二批,260
257,山西,2017年,文科,体育类一批,414
258,山西,2017年,理科,体育类一批,385
259,山西,2017年,文科,体育类二批,362
260,山西,2017年,理科,体育类二批,320
261,山西,2016年,文科,一批,518
262,山西,2016年,理科,一批,519
263,山西,2016年,文科,二批,460
264,山西,2016年,理科,二批,438
265,山西,2016年,文科,艺术类一批,337
266,山西,2016年,理科,艺术类一批,337
267,山西,2016年,文科,艺术类二批,299
268,山西,2016年,理科,艺术类二批,285
269,山西,2016年,文科,体育类一批,414
270,山西,2016年,理科,体育类一批,415
271,山西,2016年,文科,体育类二批,368
272,山西,2016年,理科,体育类二批,350
273,山西,2015年,文科,一批,513
274,山西,2015年,理科,一批,515
275,山西,2015年,文科,二批,462
276,山西,2015年,理科,二批,442
277,山西,2015年,文科,艺术类一批,333
278,山西,2015年,理科,艺术类一批,335
279,山西,2015年,文科,艺术类二批,300
280,山西,2015年,理科,艺术类二批,287
281,山西,2015年,文科,体育类一批,410
282,山西,2015年,理科,体育类一批,412
283,山西,2015年,文科,体育类二批,370
284,山西,2015年,理科,体育类二批,354
285,山西,2014年,文科,一批,526
286,山西,2014年,理科,一批,534
287,山西,2014年,文科,二批,478
288,山西,2014年,理科,二批,462
289,山西,2014年,文科,艺术类一批,342
290,山西,2014年,理科,艺术类一批,347
291,山西,2014年,文科,艺术类二批,311
292,山西,2014年,理科,艺术类二批,300
293,山西,2014年,文科,体育类一批,421
294,山西,2014年,理科,体育类一批,427
295,山西,2014年,文科,体育类二批,382
296,山西,2014年,理科,体育类二批,370
297,内蒙古,2019年,文科,一批,522
298,内蒙古,2019年,理科,一批,477
299,内蒙古,2019年,文科,二批,436
300,内蒙古,2019年,理科,二批,352
301,内蒙古,2019年,文科,专科,160
302,内蒙古,2019年,理科,专科,160
303,内蒙古,2019年,文科,蒙授本科一批,398
304,内蒙古,2019年,理科,蒙授本科一批,348
305,内蒙古,2019年,文科,蒙授本科二批,320
306,内蒙古,2019年,理科,蒙授本科二批,274
307,内蒙古,2019年,文科,蒙授高职高专,120
308,内蒙古,2019年,理科,蒙授高职高专,120
309,内蒙古,2018年,文科,一批,501
310,内蒙古,2018年,理科,一批,478
311,内蒙古,2018年,文科,二批,399
312,内蒙古,2018年,理科,二批,336
313,内蒙古,2018年,文科,专科,160
314,内蒙古,2018年,理科,专科,160
315,内蒙古,2018年,文科,蒙授本科一批,390
316,内蒙古,2018年,理科,蒙授本科一批,368
317,内蒙古,2018年,文科,蒙授本科二批,307
318,内蒙古,2018年,理科,蒙授本科二批,298
319,内蒙古,2018年,文科,蒙授高职高专,120
320,内蒙古,2018年,理科,蒙授高职高专,120
321,内蒙古,2017年,文科,普通本科一批,472
322,内蒙古,2017年,理科,普通本科一批,466
323,内蒙古,2017年,文科,普通本科二批,375
324,内蒙古,2017年,理科,普通本科二批,328
325,内蒙古,2017年,文科,普通高职高专,160
326,内蒙古,2017年,理科,普通高职高专,160
327,内蒙古,2017年,文科,蒙授本科一批,380
328,内蒙古,2017年,理科,蒙授本科一批,345
329,内蒙古,2017年,文科,蒙授本科二批,308
330,内蒙古,2017年,理科,蒙授本科二批,278
331,内蒙古,2017年,文科,蒙授高职高专,120
332,内蒙古,2017年,理科,蒙授高职高专,120
333,内蒙古,2016年,文科,普通本科一批,477
334,内蒙古,2016年,理科,普通本科一批,484
335,内蒙古,2016年,文科,普通本科二批,375
336,内蒙古,2016年,理科,普通本科二批,346
337,内蒙古,2016年,文科,普通高职高专,160
338,内蒙古,2016年,理科,普通高职高专,160
339,内蒙古,2016年,文科,蒙授本科一批,366
340,内蒙古,2016年,理科,蒙授本科一批,358
341,内蒙古,2016年,文科,蒙授本科二批,289
342,内蒙古,2016年,理科,蒙授本科二批,277
343,内蒙古,2016年,文科,蒙授高职高专,120
344,内蒙古,2016年,理科,蒙授高职高专,120
345,内蒙古,2015年,文科,普通本科一批,487
346,内蒙古,2015年,理科,普通本科一批,464
347,内蒙古,2015年,文科,普通本科二批,385
348,内蒙古,2015年,理科,普通本科二批,336
349,内蒙古,2015年,文科,普通高职高专,160
350,内蒙古,2015年,理科,普通高职高专,160
351,内蒙古,2015年,文科,蒙授本科一批,337
352,内蒙古,2015年,理科,蒙授本科一批,293
353,内蒙古,2015年,文科,蒙授本科二批,240
354,内蒙古,2015年,理科,蒙授本科二批,201
355,内蒙古,2015年,文科,蒙授高职高专,120
356,内蒙古,2015年,理科,蒙授高职高专,120
357,内蒙古,2014年,文科,普通本科一批,525
358,内蒙古,2014年,理科,普通本科一批,501
359,内蒙古,2014年,文科,普通本科二批,455
360,内蒙古,2014年,理科,普通本科二批,388
361,内蒙古,2014年,文科,普通高职高专,160
362,内蒙古,2014年,理科,普通高职高专,160
363,内蒙古,2014年,文科,蒙授本科一批,367
364,内蒙古,2014年,理科,蒙授本科一批,323
365,内蒙古,2014年,文科,蒙授本科二批,258
366,内蒙古,2014年,理科,蒙授本科二批,211
367,内蒙古,2014年,文科,蒙授高职高专,120
368,内蒙古,2014年,理科,蒙授高职高专,120
369,辽宁,2019年,文科,自主招生,564
370,辽宁,2019年,理科,自主招生,512
371,辽宁,2019年,文科,本科,482
372,辽宁,2019年,理科,本科,369
373,辽宁,2019年,文科,专科,150
374,辽宁,2019年,理科,专科,150
375,辽宁,2019年,文科,体育类本专科,150
376,辽宁,2019年,理科,体育类本专科,150
377,辽宁,2019年,文科,艺术类本科,337
378,辽宁,2019年,理科,艺术类本科,258
379,辽宁,2018年,文科,自主招生,553
380,辽宁,2018年,理科,自主招生,517
381,辽宁,2018年,文科,本科,461
382,辽宁,2018年,理科,本科,368
383,辽宁,2018年,文科,专科,180
384,辽宁,2018年,理科,专科,180
385,辽宁,2017年,文科,一批,532
386,辽宁,2017年,理科,一批,480
387,辽宁,2017年,文科,二批,428
388,辽宁,2017年,理科,二批,350
389,辽宁,2017年,文科,高职(专科),180
390,辽宁,2017年,理科,高职(专科),180
391,辽宁,2017年,文科,艺术类普通本科,278
392,辽宁,2017年,理科,艺术类普通本科,228
393,辽宁,2017年,文科,艺术类高职高专,180
394,辽宁,2017年,理科,艺术类高职高专,180
395,辽宁,2017年,文科,体育类本、专科,180
396,辽宁,2017年,理科,体育类本、专科,180
397,辽宁,2016年,文科,一批,525
398,辽宁,2016年,理科,一批,498
399,辽宁,2016年,文科,二批,417
400,辽宁,2016年,理科,二批,373
401,辽宁,2016年,文科,高职专科,180
402,辽宁,2016年,理科,高职专科,180
403,辽宁,2016年,文科,高水平运动队,296
404,辽宁,2016年,理科,高水平运动队,267
405,辽宁,2016年,文科,艺术类本科,296
406,辽宁,2016年,理科,艺术类本科,267
407,辽宁,2016年,文科,体育类本、专科,180
408,辽宁,2016年,理科,体育类本、专科,180
409,辽宁,2015年,文科,一批,530
410,辽宁,2015年,理科,一批,500
411,辽宁,2015年,文科,二批,460
412,辽宁,2015年,理科,二批,419
413,辽宁,2015年,文科,三批,395
414,辽宁,2015年,理科,三批,345
415,辽宁,2015年,文科,专科,180
416,辽宁,2015年,理科,专科,180
417,辽宁,2015年,文科,艺术类本科,299
418,辽宁,2015年,理科,艺术类本科,272
419,辽宁,2015年,文科,体育类本、专科,180
420,辽宁,2015年,理科,体育类本、专科,180
421,辽宁,2014年,文科,一批,552
422,辽宁,2014年,理科,一批,526
423,辽宁,2014年,文科,二批,490
424,辽宁,2014年,理科,二批,450
425,辽宁,2014年,文科,三批,430
426,辽宁,2014年,理科,三批,380
427,辽宁,2014年,文科,专科,220
428,辽宁,2014年,理科,专科,200
429,辽宁,2014年,文科,艺术类本科,320
430,辽宁,2014年,理科,艺术类本科,290
431,辽宁,2014年,文科,体育类本、专科,200
432,辽宁,2014年,理科,体育类本、专科,200
433,吉林,2019年,文科,一批,544
434,吉林,2019年,理科,一批,530
435,吉林,2019年,文科,二批,372
436,吉林,2019年,理科,二批,350
437,吉林,2019年,文科,体育类普通本科,344
438,吉林,2019年,理科,体育类普通本科,310
439,吉林,2019年,文科,艺术类普通本科,279
440,吉林,2019年,理科,艺术类普通本科,263
441,吉林,2018年,文科,一批,542
442,吉林,2018年,理科,一批,533
443,吉林,2018年,文科,二批,432
444,吉林,2018年,理科,二批,405
445,吉林,2018年,文科,三批,316
446,吉林,2018年,理科,三批,283
447,吉林,2018年,文科,体育类普通本科,332
448,吉林,2018年,理科,体育类普通本科,304
449,吉林,2018年,文科,艺术类普通本科,280
450,吉林,2018年,理科,艺术类普通本科,263
451,吉林,2018年,文科,高职,150
452,吉林,2018年,理科,高职,150
453,吉林,2017年,文科,一批,528
454,吉林,2017年,理科,一批,507
455,吉林,2017年,文科,二批,412
456,吉林,2017年,理科,二批,379
457,吉林,2017年,文科,三批,286
458,吉林,2017年,理科,三批,260
459,吉林,2017年,文科,体育类普通本科,316
460,吉林,2017年,理科,体育类普通本科,271
461,吉林,2017年,文科,艺术类普通本科,267
462,吉林,2017年,理科,艺术类普通本科,246
463,吉林,2016年,文科,一批,531
464,吉林,2016年,理科,一批,530
465,吉林,2016年,文科,二批,413
466,吉林,2016年,理科,二批,402
467,吉林,2016年,文科,三批,275
468,吉林,2016年,理科,三批,286
469,吉林,2016年,文科,高职(专科),150
470,吉林,2016年,理科,高职(专科),150
471,吉林,2016年,文科,体育类本科,290
472,吉林,2016年,理科,体育类本科,256
473,吉林,2016年,文科,艺术类本科,268
474,吉林,2016年,理科,艺术类本科,261
475,吉林,2015年,文科,一批,543
476,吉林,2015年,理科,一批,525
477,吉林,2015年,文科,二批,433
478,吉林,2015年,理科,二批,405
479,吉林,2015年,文科,三批,300
480,吉林,2015年,理科,三批,305
481,吉林,2015年,文科,艺术类本科,281
482,吉林,2015年,理科,艺术类本科,263
483,吉林,2015年,文科,体育类本科,310
484,吉林,2015年,理科,体育类本科,270
485,吉林,2014年,文科,一批,560
486,吉林,2014年,理科,一批,555
487,吉林,2014年,文科,二批,459
488,吉林,2014年,理科,二批,445
489,吉林,2014年,文科,三批,350
490,吉林,2014年,理科,三批,350
491,吉林,2014年,文科,艺术类本科,298
492,吉林,2014年,理科,艺术类本科,290
493,吉林,2014年,文科,体育类本科,320
494,吉林,2014年,理科,体育类本科,280
495,黑龙江,2019年,文科,一批,500
496,黑龙江,2019年,理科,一批,477
497,黑龙江,2019年,文科,二批,424
498,黑龙江,2019年,理科,二批,372
499,黑龙江,2019年,文科,艺术类本科,254
500,黑龙江,2019年,理科,艺术类本科,236
501,黑龙江,2019年,文科,体育类本科,254
502,黑龙江,2019年,理科,体育类本科,223
503,黑龙江,2019年,文科,本科三批,348
504,黑龙江,2019年,理科,本科三批,324
505,黑龙江,2019年,文科,高职专科,160
506,黑龙江,2019年,理科,高职专科,160
507,黑龙江,2018年,文科,一批,490
508,黑龙江,2018年,理科,一批,472
509,黑龙江,2018年,文科,二批,406
510,黑龙江,2018年,理科,二批,353
511,黑龙江,2018年,文科,高职,160
512,黑龙江,2018年,理科,高职,160
513,黑龙江,2017年,文科,一批,481
514,黑龙江,2017年,理科,一批,455
515,黑龙江,2017年,文科,二批,400
516,黑龙江,2017年,理科,二批,335
517,黑龙江,2017年,文科,艺术类本科,239
518,黑龙江,2017年,理科,艺术类本科,212
519,黑龙江,2017年,文科,体育类本科,240
520,黑龙江,2017年,理科,体育类本科,201
521,黑龙江,2016年,文科,一批,481
522,黑龙江,2016年,理科,一批,486
523,黑龙江,2016年,文科,二批,401
524,黑龙江,2016年,理科,二批,369
525,黑龙江,2016年,文科,高职(专科),160
526,黑龙江,2016年,理科,高职(专科),160
527,黑龙江,2016年,文科,艺术类本科,242
528,黑龙江,2016年,理科,艺术类本科,234
529,黑龙江,2016年,文科,体育类本科,240
530,黑龙江,2016年,理科,体育类本科,221
531,黑龙江,2015年,文科,一批,495
532,黑龙江,2015年,理科,一批,483
533,黑龙江,2015年,文科,二批,410
534,黑龙江,2015年,理科,二批,371
535,黑龙江,2015年,文科,三批,333
536,黑龙江,2015年,理科,三批,310
537,黑龙江,2015年,文科,艺术类本科,249
538,黑龙江,2015年,理科,艺术类本科,235
539,黑龙江,2015年,文科,体育类本科,246
540,黑龙江,2015年,理科,体育类本科,222
541,黑龙江,2014年,文科,一批,541
542,黑龙江,2014年,理科,一批,529
543,黑龙江,2014年,文科,二批,454
544,黑龙江,2014年,理科,二批,414
545,黑龙江,2014年,文科,三批,378
546,黑龙江,2014年,理科,三批,330
547,黑龙江,2014年,文科,艺术类本科,277
548,黑龙江,2014年,理科,艺术类本科,262
549,山东,2019年,文科,本科批,503
550,山东,2019年,理科,本科批,443
551,山东,2019年,文科,自主招生参考线,542
552,山东,2019年,理科,自主招生参考线,514
553,山东,2019年,文科,高水平运动员,326
554,山东,2019年,理科,高水平运动员,287
555,山东,2019年,文科,艺术类本科,326
556,山东,2019年,理科,艺术类本科,287
557,山东,2018年,文科,本科批,505
558,山东,2018年,理科,本科批,435
559,山东,2018年,文科,自主招生,550
560,山东,2018年,理科,自主招生,517
561,山东,2018年,文科,高水平运动员,328
562,山东,2018年,理科,高水平运动员,282
563,山东,2018年,文科,艺术类本科,328
564,山东,2018年,理科,艺术类本科,282
565,山东,2018年,文科,高职(专科),170
566,山东,2018年,理科,高职(专科),170
567,山东,2017年,文科,本科普通批,483
568,山东,2017年,理科,本科普通批,433
569,山东,2017年,文科,自主招生,529
570,山东,2017年,理科,自主招生,515
571,山东,2017年,文科,艺术类,313
572,山东,2017年,理科,艺术类,281
573,山东,2017年,文科,体育类,483
574,山东,2017年,理科,体育类,433
575,山东,2016年,文科,一批,530
576,山东,2016年,理科,一批,537
577,山东,2016年,文科,二批,474
578,山东,2016年,理科,二批,451
579,山东,2016年,文科,高职,170
580,山东,2016年,理科,高职,170
581,山东,2016年,文科,艺术类,308
582,山东,2016年,理科,艺术类,293
583,山东,2016年,文科,体育类,306
584,山东,2016年,理科,体育类,306
585,山东,2015年,文科,一批,568
586,山东,2015年,理科,一批,562
587,山东,2015年,文科,二批,510
588,山东,2015年,理科,二批,490
589,山东,2014年,文科,一批,579
590,山东,2014年,理科,一批,572
591,山东,2014年,文科,军检线,554
592,山东,2014年,理科,军检线,547
593,江苏,2019年,文科,一批,339
594,江苏,2019年,理科,一批,345
595,江苏,2019年,文科,二批,277
596,江苏,2019年,理科,二批,307
597,江苏,2018年,文科,一批,337
598,江苏,2018年,理科,一批,336
599,江苏,2018年,文科,二批,281
600,江苏,2018年,理科,二批,285
601,江苏,2018年,文科,高职(专科),228
602,江苏,2018年,理科,高职(专科),248
603,江苏,2017年,文科,一批,333
604,江苏,2017年,理科,一批,331
605,江苏,2017年,文科,二批,281
606,江苏,2017年,理科,二批,269
607,江苏,2016年,文科,一批,355
608,江苏,2016年,理科,一批,353
609,江苏,2016年,文科,二批,325
610,江苏,2016年,理科,二批,315
611,江苏,2016年,文科,三批,282
612,江苏,2016年,理科,三批,265
613,江苏,2016年,文科,专科,210
614,江苏,2016年,理科,专科,210
615,江苏,2016年,文科,体育类,232
616,江苏,2016年,理科,体育类,232
617,江苏,2015年,文科,一批,342
618,江苏,2015年,理科,一批,344
619,江苏,2015年,文科,二批,313
620,江苏,2015年,理科,二批,310
621,江苏,2015年,文科,三批,288
622,江苏,2015年,理科,三批,278
623,江苏,2014年,文科,一批,333
624,江苏,2014年,理科,一批,345
625,江苏,2014年,文科,二批,301
626,江苏,2014年,理科,二批,312
627,江苏,2014年,文科,三批,272
628,江苏,2014年,理科,三批,279
629,浙江,2019年,综合,第一段,595
630,浙江,2019年,综合,第二段,496
631,浙江,2019年,综合,第三段,264
632,浙江,2019年,综合,体育类一段,507
633,浙江,2019年,综合,体育类二段,452
634,浙江,2018年,综合,第一段,588
635,浙江,2018年,综合,第二段,490
636,浙江,2018年,综合,第三段,344
637,浙江,2017年,综合,第一段,577
638,浙江,2017年,综合,第二段,480
639,浙江,2017年,综合,第三段,359
640,浙江,2017年,综合,体育类一段,497
641,浙江,2017年,综合,体育类二段,451
642,浙江,2016年,文科,一批,603
643,浙江,2016年,理科,一批,600
644,浙江,2016年,文科,二批,462
645,浙江,2016年,理科,二批,439
646,浙江,2015年,文科,一批,626
647,浙江,2015年,理科,一批,605
648,浙江,2015年,文科,第二批,472
649,浙江,2015年,理科,第二批,428
650,浙江,2015年,文科,第三批,263
651,浙江,2015年,理科,第三批,266
652,浙江,2015年,文科,第一批文化线体育特招生,337
653,浙江,2015年,理科,第一批文化线体育特招生,311
654,浙江,2014年,文科,一批,621
655,浙江,2014年,理科,一批,597
656,浙江,2014年,文科,二批,485
657,浙江,2014年,理科,二批,420
658,浙江,2014年,文科,三批,292
659,浙江,2014年,理科,三批,288
660,浙江,2014年,文科,艺术类第一、二批文化线美术类,380
661,浙江,2014年,理科,艺术类第一、二批文化线美术类,322
662,浙江,2014年,文科,体育类第一批文化线体育类,423
663,浙江,2014年,理科,体育类第一批文化线体育类,365
664,江西,2019年,文科,一批,558
665,江西,2019年,理科,一批,522
666,江西,2019年,文科,二批,502
667,江西,2019年,理科,二批,449
668,江西,2019年,文科,军校军检线,548
669,江西,2019年,理科,军校军检线,512
670,江西,2019年,文科,高职专科,160
671,江西,2019年,理科,高职专科,160
672,江西,2018年,文科,一批,568
673,江西,2018年,理科,一批,527
674,江西,2018年,文科,二批,496
675,江西,2018年,理科,二批,447
676,江西,2018年,文科,专科,160
677,江西,2018年,理科,专科,160
678,江西,2018年,文科,军校军检线,558
679,江西,2018年,理科,军校军检线,517
680,江西,2017年,文科,一批,533
681,江西,2017年,理科,一批,503
682,江西,2017年,文科,二批,458
683,江西,2017年,理科,二批,422
684,江西,2017年,文科,军校军检线,523
685,江西,2017年,理科,军校军检线,493
686,江西,2016年,文科,一批,523
687,江西,2016年,理科,一批,529
688,江西,2016年,文科,二批,450
689,江西,2016年,理科,二批,445
690,江西,2016年,文科,军校,513
691,江西,2016年,理科,军校,519
692,江西,2015年,文科,一批,528
693,江西,2015年,理科,一批,540
694,江西,2015年,文科,二批,487
695,江西,2015年,理科,二批,490
696,江西,2015年,文科,三批,456
697,江西,2015年,理科,三批,456
698,江西,2015年,文科,军检线,508
699,江西,2015年,理科,军检线,520
700,江西,2015年,文科,专科,200
701,江西,2015年,理科,专科,200
702,江西,2014年,文科,一批,524
703,江西,2014年,理科,一批,526
704,江西,2014年,文科,二批,479
705,江西,2014年,理科,二批,471
706,江西,2014年,文科,三批,450
707,江西,2014年,理科,三批,438
708,福建,2019年,文科,一批,550
709,福建,2019年,理科,一批,493
710,福建,2019年,文科,二批,464
711,福建,2019年,理科,二批,393
712,福建,2019年,文科,专科,220
713,福建,2019年,理科,专科,220
714,福建,2019年,文科,艺、体本科,302
715,福建,2019年,理科,艺、体本科,255
716,福建,2019年,文科,艺、体专科,154
717,福建,2019年,理科,艺、体专科,154
718,福建,2018年,文科,一批,551
719,福建,2018年,理科,一批,490
720,福建,2018年,文科,二批,446
721,福建,2018年,理科,二批,378
722,福建,2018年,文科,专科,363
723,福建,2018年,理科,专科,258
724,福建,2018年,文科,艺术本科,290
725,福建,2018年,理科,艺术本科,246
726,福建,2018年,文科,艺术体育专科,253
727,福建,2018年,理科,艺术体育专科,181
728,福建,2017年,文科,一批,489
729,福建,2017年,理科,一批,441
730,福建,2017年,文科,二批,380
731,福建,2017年,理科,二批,333
732,福建,2017年,文科,专科,300
733,福建,2017年,理科,专科,236
734,福建,2017年,文科,艺术体育本科,247
735,福建,2017年,理科,艺术体育本科,216
736,福建,2017年,文科,艺术体育专科,210
737,福建,2017年,理科,艺术体育专科,165
738,福建,2016年,文科,一批,501
739,福建,2016年,理科,一批,465
740,福建,2016年,文科,二批,403
741,福建,2016年,理科,二批,352
742,福建,2016年,文科,专科,319
743,福建,2016年,理科,专科,251
744,福建,2016年,文科,艺术体育本科,262
745,福建,2016年,理科,艺术体育本科,229
746,福建,2016年,文科,艺术体育专科,223
747,福建,2016年,理科,艺术体育专科,176
748,福建,2015年,文科,一批,549
749,福建,2015年,理科,一批,525
750,福建,2015年,文科,二批,462
751,福建,2015年,理科,二批,410
752,福建,2015年,文科,专科,352
753,福建,2015年,理科,专科,266
754,福建,2015年,文科,艺术体育本科,300
755,福建,2015年,理科,艺术体育本科,267
756,福建,2015年,文科,艺术体育专科,246
757,福建,2015年,理科,艺术体育专科,186
758,福建,2014年,文科,一批,561
759,福建,2014年,理科,一批,506
760,福建,2014年,文科,二批,482
761,福建,2014年,理科,二批,408
762,福建,2014年,文科,专科,357
763,福建,2014年,理科,专科,246
764,安徽,2019年,文科,一批,550
765,安徽,2019年,理科,一批,496
766,安徽,2019年,文科,二批,504
767,安徽,2019年,理科,二批,426
768,安徽,2019年,文科,高职,200
769,安徽,2019年,理科,高职,200
770,安徽,2018年,文科,一批,550
771,安徽,2018年,理科,一批,505
772,安徽,2018年,文科,二批,486
773,安徽,2018年,理科,二批,432
774,安徽,2018年,文科,高职,200
775,安徽,2018年,理科,高职,200
776,安徽,2017年,文科,一批,515
777,安徽,2017年,理科,一批,487
778,安徽,2017年,文科,二批,440
779,安徽,2017年,理科,二批,413
780,安徽,2017年,文科,高职,200
781,安徽,2017年,理科,高职,200
782,安徽,2016年,文科,一批,521
783,安徽,2016年,理科,一批,518
784,安徽,2016年,文科,二批,482
785,安徽,2016年,理科,二批,473
786,安徽,2016年,文科,三批,453
787,安徽,2016年,理科,三批,446
788,安徽,2016年,文科,高职,251
789,安徽,2016年,理科,高职,290
790,安徽,2016年,文科,体育类本科,314
791,安徽,2016年,理科,体育类本科,308
792,安徽,2016年,文科,艺术A类本科,338
793,安徽,2016年,理科,艺术A类本科,332
794,安徽,2015年,文科,一批,597
795,安徽,2015年,理科,一批,555
796,安徽,2015年,文科,二批,558
797,安徽,2015年,理科,二批,511
798,安徽,2015年,文科,三批,522
799,安徽,2015年,理科,三批,483
800,安徽,2015年,文科,专科,200
801,安徽,2015年,理科,专科,200
802,安徽,2014年,文科,一批,541
803,安徽,2014年,理科,一批,489
804,安徽,2014年,文科,二批,500
805,安徽,2014年,理科,二批,438
806,安徽,2014年,文科,三批,469
807,安徽,2014年,理科,三批,409
808,安徽,2014年,文科,专科,150
809,安徽,2014年,理科,专科,150
810,河南,2019年,文科,一批,536
811,河南,2019年,理科,一批,502
812,河南,2019年,文科,二批,447
813,河南,2019年,理科,二批,385
814,河南,2019年,文科,专科,160
815,河南,2019年,理科,专科,160
816,河南,2018年,文科,一批,547
817,河南,2018年,理科,一批,499
818,河南,2018年,文科,二批,436
819,河南,2018年,理科,二批,374
820,河南,2018年,文科,专科,200
821,河南,2018年,理科,专科,200
822,河南,2017年,文科,一批,516
823,河南,2017年,理科,一批,484
824,河南,2017年,文科,二批,389
825,河南,2017年,理科,二批,342
826,河南,2017年,文科,专科,180
827,河南,2017年,理科,专科,180
828,河南,2016年,文科,一批,517
829,河南,2016年,理科,一批,523
830,河南,2016年,文科,二批,458
831,河南,2016年,理科,二批,447
832,河南,2016年,文科,三批,393
833,河南,2016年,理科,三批,370
834,河南,2016年,文科,专科,180
835,河南,2016年,理科,专科,180
836,河南,2015年,文科,专项计划本科批,513
837,河南,2015年,理科,专项计划本科批,529
838,河南,2015年,文科,一批,513
839,河南,2015年,理科,一批,529
840,河南,2015年,文科,二批,455
841,河南,2015年,理科,二批,458
842,河南,2015年,文科,三批,397
843,河南,2015年,理科,三批,383
844,河南,2015年,文科,专科,180
845,河南,2015年,理科,专科,180
846,河南,2014年,文科,专项计划本科批,536
847,河南,2014年,理科,专项计划本科批,547
848,河南,2014年,文科,一批,536
849,河南,2014年,理科,一批,547
850,河南,2014年,文科,二批,483
851,河南,2014年,理科,二批,476
852,河南,2014年,文科,三批,425
853,河南,2014年,理科,三批,400
854,河南,2014年,文科,专科,200
855,河南,2014年,理科,专科,200
856,湖南,2019年,文科,一批,553
857,湖南,2019年,理科,一批,500
858,湖南,2019年,文科,二批,523
859,湖南,2019年,理科,二批,448
860,湖南,2019年,文科,三批,495
861,湖南,2019年,理科,三批,414
862,湖南,2019年,文科,专科,200
863,湖南,2019年,理科,专科,200
864,湖南,2018年,文科,一批,569
865,湖南,2018年,理科,一批,513
866,湖南,2018年,文科,二批,526
867,湖南,2018年,理科,二批,450
868,湖南,2018年,文科,三批,486
869,湖南,2018年,理科,三批,409
870,湖南,2018年,文科,专科,200
871,湖南,2018年,理科,专科,200
872,湖南,2017年,文科,一批,548
873,湖南,2017年,理科,一批,505
874,湖南,2017年,文科,二批,485
875,湖南,2017年,理科,二批,424
876,湖南,2017年,文科,三批,441
877,湖南,2017年,理科,三批,383
878,湖南,2017年,文科,专科,200
879,湖南,2017年,理科,专科,200
880,湖南,2016年,文科,一批,530
881,湖南,2016年,理科,一批,517
882,湖南,2016年,文科,二批,476
883,湖南,2016年,理科,二批,439
884,湖南,2016年,文科,三批,431
885,湖南,2016年,理科,三批,396
886,湖南,2016年,文科,专科,200
887,湖南,2016年,理科,专科,200
888,湖南,2015年,文科,一批,535
889,湖南,2015年,理科,一批,526
890,湖南,2015年,文科,二批,481
891,湖南,2015年,理科,二批,455
892,湖南,2015年,文科,三批,435
893,湖南,2015年,理科,三批,406
894,湖南,2015年,文科,专科,200
895,湖南,2015年,理科,专科,200
896,湖南,2014年,文科,一批,562
897,湖南,2014年,理科,一批,522
898,湖南,2014年,文科,二批,501
899,湖南,2014年,理科,二批,442
900,湖南,2014年,文科,三批A,473
901,湖南,2014年,理科,三批A,406
902,湖南,2014年,文科,三批B,453
903,湖南,2014年,理科,三批B,386
904,湖南,2014年,文科,专科,200
905,湖南,2014年,理科,专科,200
906,湖北,2019年,文科,一批,542
907,湖北,2019年,理科,一批,505
908,湖北,2019年,文科,二批,445
909,湖北,2019年,理科,二批,388
910,湖北,2019年,文科,高职,200
911,湖北,2019年,理科,高职,200
912,湖北,2018年,文科,本科一批,561
913,湖北,2018年,理科,本科一批,512
914,湖北,2018年,文科,本科二批,441
915,湖北,2018年,理科,本科二批,375
916,湖北,2018年,文科,高职,200
917,湖北,2018年,理科,高职,200
918,湖北,2017年,文科,一批,528
919,湖北,2017年,理科,一批,484
920,湖北,2017年,文科,二批,406
921,湖北,2017年,理科,二批,345
922,湖北,2017年,文科,专科,200
923,湖北,2017年,理科,专科,200
924,湖北,2016年,文科,一批,520
925,湖北,2016年,理科,一批,512
926,湖北,2016年,文科,二批,403
927,湖北,2016年,理科,二批,350
928,湖北,2016年,文科,专科,200
929,湖北,2016年,理科,专科,200
930,湖北,2015年,文科,一批,521
931,湖北,2015年,理科,一批,510
932,湖北,2015年,文科,二批,477
933,湖北,2015年,理科,二批,448
934,湖北,2015年,文科,三批,415
935,湖北,2015年,理科,三批,360
936,湖北,2015年,文科,专科,200
937,湖北,2015年,理科,专科,200
938,湖北,2014年,文科,一批,535
939,湖北,2014年,理科,一批,533
940,湖北,2014年,文科,二批,482
941,湖北,2014年,理科,二批,471
942,湖北,2014年,文科,三批,417
943,湖北,2014年,理科,三批,380
944,湖北,2014年,文科,高职高专一批,325
945,湖北,2014年,理科,高职高专一批,295
946,湖北,2014年,文科,高职高专二批,180
947,湖北,2014年,理科,高职高专二批,180
948,海南,2019年,文科,本科A批,593
949,海南,2019年,理科,本科A批,539
950,海南,2019年,文科,国家专项计划,593
951,海南,2019年,理科,国家专项计划,539
952,海南,2019年,文科,自主招生,654
953,海南,2019年,理科,自主招生,603
954,海南,2019年,文科,体育本科A批,441/77
955,海南,2019年,理科,体育本科A批,441/77
956,海南,2019年,文科,艺术类本科,415
957,海南,2019年,理科,艺术类本科,415
958,海南,2019年,文科,高职专科,280
959,海南,2019年,理科,高职专科,280
960,海南,2018年,文科,本科A批,579
961,海南,2018年,理科,本科A批,539
962,海南,2018年,文科,国家专项计划,579
963,海南,2018年,理科,国家专项计划,539
964,海南,2018年,文科,自主招生,655
965,海南,2018年,理科,自主招生,602
966,海南,2018年,综合,体育本科A批,439/77
967,海南,2018年,综合,艺术类本科,376
968,海南,2018年,文科,高职,280
969,海南,2018年,理科,高职,280
970,海南,2017年,文科,本科A批,578
971,海南,2017年,理科,本科A批,539
972,海南,2017年,文科,国家专项计划,578
973,海南,2017年,理科,国家专项计划,539
974,海南,2017年,文科,自主招生,656
975,海南,2017年,理科,自主招生,603
976,海南,2016年,文科,本科一批,653
977,海南,2016年,理科,本科一批,602
978,海南,2016年,文科,本科二批,577
979,海南,2016年,理科,本科二批,543
980,海南,2016年,文科,专科,280
981,海南,2016年,理科,专科,333
982,海南,2016年,文科,国家专项计划本科一批,643
983,海南,2016年,理科,国家专项计划本科一批,602
984,海南,2016年,文科,国家专项计划本科二批,577
985,海南,2016年,理科,国家专项计划本科二批,543
986,海南,2015年,文科,一批,662
987,海南,2015年,理科,一批,608
988,海南,2015年,文科,二批,588
989,海南,2015年,理科,二批,546
990,海南,2015年,文科,三批,494
991,海南,2015年,理科,三批,484
992,海南,2015年,文科,专科提前批,304
993,海南,2015年,理科,专科提前批,365
994,海南,2014年,文科,一批,666
995,海南,2014年,理科,一批,606
996,海南,2014年,文科,二批,590
997,海南,2014年,理科,二批,542
998,海南,2014年,文科,三批,498
999,海南,2014年,理科,三批,482
1000,海南,2014年,文科,专科提前批,313
1001,海南,2014年,理科,专科提前批,366
1002,广东,2019年,文科,本科批,455
1003,广东,2019年,理科,本科批,390
1004,广东,2019年,文科,高分优先投档线,546
1005,广东,2019年,理科,高分优先投档线,495
1006,广东,2019年,文科,专科,170
1007,广东,2019年,理科,专科,160
1008,广东,2018年,文科,本科批,443
1009,广东,2018年,理科,本科批,376
1010,广东,2018年,文科,高分优先投档线,550
1011,广东,2018年,理科,高分优先投档线,500
1012,广东,2018年,文科,专科,215
1013,广东,2018年,理科,专科,205
1014,广东,2017年,文科,一批,520
1015,广东,2017年,理科,一批,485
1016,广东,2017年,文科,二批,418
1017,广东,2017年,理科,二批,360
1018,广东,2017年,文科,专科,210
1019,广东,2017年,理科,专科,200
1020,广东,2016年,文科,一批,514
1021,广东,2016年,理科,一批,508
1022,广东,2016年,文科,二批,417
1023,广东,2016年,理科,二批,402
1024,广东,2016年,文科,高职专科A,360
1025,广东,2016年,理科,高职专科A,330
1026,广东,2016年,文科,高职专科B,245
1027,广东,2016年,理科,高职专科B,245
1028,广东,2015年,文科,一批,573
1029,广东,2015年,理科,一批,577
1030,广东,2015年,文科,二批A,524
1031,广东,2015年,理科,二批A,519
1032,广东,2015年,文科,二批B,474
1033,广东,2015年,理科,二批B,483
1034,广东,2015年,文科,专科A,403
1035,广东,2015年,理科,专科A,407
1036,广东,2015年,文科,专科B,270
1037,广东,2015年,理科,专科B,280
1038,广东,2014年,文科,一批,579
1039,广东,2014年,理科,一批,560
1040,广东,2014年,文科,二批A,534
1041,广东,2014年,理科,二批A,504
1042,广东,2014年,文科,二批B,483
1043,广东,2014年,理科,二批B,465
1044,广东,2014年,文科,三批A,425
1045,广东,2014年,理科,三批A,400
1046,广东,2014年,文科,三批B,290
1047,广东,2014年,理科,三批B,280
1048,广西,2019年,文科,一批,521
1049,广西,2019年,理科,一批,509
1050,广西,2019年,文科,二批,388
1051,广西,2019年,理科,二批,347
1052,广西,2019年,文科,专科,180
1053,广西,2019年,理科,专科,180
1054,广西,2019年,文科,艺术类本科,291
1055,广西,2019年,理科,艺术类本科,260
1056,广西,2018年,文科,一批,547
1057,广西,2018年,理科,一批,513
1058,广西,2018年,文科,二批,403
1059,广西,2018年,理科,二批,345
1060,广西,2018年,文科,专科,200
1061,广西,2018年,理科,专科,200
1062,广西,2017年,文科,一批,535
1063,广西,2017年,理科,一批,473
1064,广西,2017年,文科,二批,387
1065,广西,2017年,理科,二批,318
1066,广西,2017年,文科,专科,180
1067,广西,2017年,理科,专科,180
1068,广西,2017年,文科,艺术类本科,252
1069,广西,2017年,理科,艺术类本科,207
1070,广西,2017年,文科,体育类本科,218
1071,广西,2017年,理科,体育类本科,218
1072,广西,2016年,文科,一批,545
1073,广西,2016年,理科,一批,502
1074,广西,2016年,文科,二批,400
1075,广西,2016年,理科,二批,333
1076,广西,2016年,文科,专科,180
1077,广西,2016年,理科,专科,180
1078,广西,2016年,文科,艺术类本科,260
1079,广西,2016年,理科,艺术类本科,216
1080,广西,2016年,文科,体育类本科,230
1081,广西,2016年,理科,体育类本科,230
1082,广西,2015年,文科,一批,530
1083,广西,2015年,理科,一批,480
1084,广西,2015年,文科,二批,380
1085,广西,2015年,理科,二批,320
1086,广西,2015年,文科,专科,180
1087,广西,2015年,理科,专科,180
1088,广西,2015年,文科,艺术本,247
1089,广西,2015年,理科,艺术本,208
1090,广西,2015年,文科,艺术专,126
1091,广西,2015年,理科,艺术专,126
1092,广西,2014年,文科,一批,550
1093,广西,2014年,理科,一批,520
1094,广西,2014年,文科,二批,463
1095,广西,2014年,理科,二批,407
1096,广西,2014年,文科,三批,404
1097,广西,2014年,理科,三批,326
1098,广西,2014年,文科,专科,200
1099,广西,2014年,理科,专科,200
1100,四川,2019年,文科,一批,540
1101,四川,2019年,理科,一批,547
1102,四川,2019年,文科,二批,472
1103,四川,2019年,理科,二批,459
1104,四川,2019年,文科,高职(专科),150
1105,四川,2019年,理科,高职(专科),150
1106,四川,2018年,文科,一批,553
1107,四川,2018年,理科,一批,546
1108,四川,2018年,文科,二批,492
1109,四川,2018年,理科,二批,458
1110,四川,2018年,文科,高职(专科),190
1111,四川,2018年,理科,高职(专科),180
1112,四川,2017年,文科,一批,537
1113,四川,2017年,理科,一批,511
1114,四川,2017年,文科,二批,470
1115,四川,2017年,理科,二批,436
1116,四川,2017年,文科,高职(专科),190
1117,四川,2017年,理科,高职(专科),180
1118,四川,2017年,文科,彝文专业本科,417
1119,四川,2017年,理科,彝文专业本科,442
1120,四川,2017年,文科,藏文专业本科,311
1121,四川,2017年,理科,藏文专业本科,273
1122,四川,2016年,文科,一批,540
1123,四川,2016年,理科,一批,532
1124,四川,2016年,文科,二批,480
1125,四川,2016年,理科,二批,453
1126,四川,2016年,文科,专科一批,445
1127,四川,2016年,理科,专科一批,390
1128,四川,2016年,文科,专科二批,190
1129,四川,2016年,理科,专科二批,180
1130,四川,2015年,文科,一批,543
1131,四川,2015年,理科,一批,528
1132,四川,2015年,文科,二批,473
1133,四川,2015年,理科,二批,445
1134,四川,2015年,文科,专科,200
1135,四川,2015年,理科,专科,180
1136,四川,2014年,文科,一批,551
1137,四川,2014年,理科,一批,540
1138,四川,2014年,文科,二批,500
1139,四川,2014年,理科,二批,475
1140,四川,2014年,文科,三批,476
1141,四川,2014年,理科,三批,446
1142,四川,2014年,文科,专科,200
1143,四川,2014年,理科,专科,180
1144,四川,2014年,文科,彝文专业本科,435
1145,四川,2014年,理科,彝文专业本科,337
1146,四川,2014年,文科,藏文专业本科,304
1147,四川,2014年,理科,藏文专业本科,227
1148,云南,2019年,文科,一批,560
1149,云南,2019年,理科,一批,535
1150,云南,2019年,文科,二批,480
1151,云南,2019年,理科,二批,435
1152,云南,2019年,文科,专科,200
1153,云南,2019年,理科,专科,200
1154,云南,2018年,文科,一批,575
1155,云南,2018年,理科,一批,530
1156,云南,2018年,文科,二批,490
1157,云南,2018年,理科,二批,430
1158,云南,2018年,文科,专科,200
1159,云南,2018年,理科,专科,200
1160,云南,2017年,文科,一批,555
1161,云南,2017年,理科,一批,500
1162,云南,2017年,文科,二批,465
1163,云南,2017年,理科,二批,410
1164,云南,2017年,文科,专科,300
1165,云南,2017年,理科,专科,300
1166,云南,2017年,文科,艺术类本科,380
1167,云南,2017年,理科,艺术类本科,330
1168,云南,2017年,文科,体育类本科,390
1169,云南,2017年,理科,体育类本科,330
1170,云南,2016年,文科,一批,560
1171,云南,2016年,理科,一批,525
1172,云南,2016年,文科,二批,495
1173,云南,2016年,理科,二批,445
1174,云南,2016年,文科,三批,445
1175,云南,2016年,理科,三批,400
1176,云南,2016年,文科,专科,300
1177,云南,2016年,理科,专科,300
1178,云南,2016年,文科,艺术类本科,375
1179,云南,2016年,理科,艺术类本科,325
1180,云南,2016年,文科,体育类本科,380
1181,云南,2016年,理科,体育类本科,335
1182,云南,2015年,文科,一批,540
1183,云南,2015年,理科,一批,500
1184,云南,2015年,文科,二批,470
1185,云南,2015年,理科,二批,425
1186,云南,2015年,文科,三批,420
1187,云南,2015年,理科,三批,380
1188,云南,2015年,文科,专科,300
1189,云南,2015年,理科,专科,300
1190,云南,2015年,文科,艺术类本科,365
1191,云南,2015年,理科,艺术类本科,330
1192,云南,2015年,文科,体育类本科,365
1193,云南,2015年,理科,体育类本科,330
1194,云南,2014年,文科,一批,565
1195,云南,2014年,理科,一批,525
1196,云南,2014年,文科,二批,500
1197,云南,2014年,理科,二批,445
1198,云南,2014年,文科,三批,450
1199,云南,2014年,理科,三批,400
1200,云南,2014年,文科,专科一批,430
1201,云南,2014年,理科,专科一批,370
1202,云南,2014年,文科,专科二批,245
1203,云南,2014年,理科,专科二批,280
1204,贵州,2019年,文科,一批,542
1205,贵州,2019年,理科,一批,470
1206,贵州,2019年,文科,二批,453
1207,贵州,2019年,理科,二批,369
1208,贵州,2019年,文科,高职,180
1209,贵州,2019年,理科,高职,180
1210,贵州,2018年,文科,一批,575
1211,贵州,2018年,理科,一批,484
1212,贵州,2018年,文科,二批,477
1213,贵州,2018年,理科,二批,379
1214,贵州,2018年,文科,高职,200
1215,贵州,2018年,理科,高职,200
1216,贵州,2017年,文科,一批,545
1217,贵州,2017年,理科,一批,456
1218,贵州,2017年,文科,二批,453
1219,贵州,2017年,理科,二批,361
1220,贵州,2017年,文科,高职,200
1221,贵州,2017年,理科,高职,200
1222,贵州,2016年,文科,一批,551
1223,贵州,2016年,理科,一批,473
1224,贵州,2016年,文科,二批,457
1225,贵州,2016年,理科,二批,365
1226,贵州,2016年,文科,高职,200
1227,贵州,2016年,理科,高职,200
1228,贵州,2015年,文科,一批,543
1229,贵州,2015年,理科,一批,453
1230,贵州,2015年,文科,二批,472
1231,贵州,2015年,理科,二批,372
1232,贵州,2015年,文科,三批,438
1233,贵州,2015年,理科,三批,345
1234,贵州,2015年,文科,专科,220
1235,贵州,2015年,理科,专科,200
1236,贵州,2014年,文科,一批,569
1237,贵州,2014年,理科,一批,484
1238,贵州,2014年,文科,二批,489
1239,贵州,2014年,理科,二批,382
1240,西藏,2019年,文科,重点本科汉族,420
1241,西藏,2019年,理科,重点本科汉族,425
1242,西藏,2019年,文科,普通本科汉族,320
1243,西藏,2019年,理科,普通本科汉族,320
1244,西藏,2019年,文科,重点本少数民族,350
1245,西藏,2019年,理科,重点本少数民族,325
1246,西藏,2019年,文科,普通本少数民族,300
1247,西藏,2019年,理科,普通本少数民族,283
1248,西藏,2019年,文科,专科汉族,155
1249,西藏,2019年,理科,专科汉族,205
1250,西藏,2019年,文科,专科少数民族,155
1251,西藏,2019年,理科,专科少数民族,205
1252,西藏,2018年,文科,重点本科汉族,460
1253,西藏,2018年,理科,重点本科汉族,445
1254,西藏,2018年,文科,普通本科汉族,355
1255,西藏,2018年,理科,普通本科汉族,335
1256,西藏,2018年,文科,重点本少数民族,375
1257,西藏,2018年,理科,重点本少数民族,327
1258,西藏,2018年,文科,普通本少数民族,320
1259,西藏,2018年,理科,普通本少数民族,278
1260,西藏,2018年,文科,专科汉族,169
1261,西藏,2018年,理科,专科汉族,213
1262,西藏,2018年,文科,专科少数民族,148
1263,西藏,2018年,理科,专科少数民族,210
1264,西藏,2017年,文科,重点本科汉族,441
1265,西藏,2017年,理科,重点本科汉族,426
1266,西藏,2017年,文科,普通本科汉族,356
1267,西藏,2017年,理科,普通本科汉族,316
1268,西藏,2017年,文科,重点本科少数民族,353
1269,西藏,2017年,理科,重点本科少数民族,296
1270,西藏,2017年,文科,普通本科少数民族,302
1271,西藏,2017年,理科,普通本科少数民族,247
1272,西藏,2017年,文科,高职专科汉族,249
1273,西藏,2017年,理科,高职专科汉族,240
1274,西藏,2017年,文科,专科少数民族,192
1275,西藏,2017年,理科,专科少数民族,193
1276,西藏,2016年,文科,重点本科汉族,440
1277,西藏,2016年,理科,重点本科汉族,425
1278,西藏,2016年,文科,普通本科汉族,355
1279,西藏,2016年,理科,普通本科汉族,315
1280,西藏,2016年,文科,重点本科少数民族,325
1281,西藏,2016年,理科,重点本科少数民族,285
1282,西藏,2016年,文科,普通本科少数民族,285
1283,西藏,2016年,理科,普通本科少数民族,235
1284,西藏,2016年,文科,专科汉族,312
1285,西藏,2016年,理科,专科汉族,270
1286,西藏,2016年,文科,专科少数民族,242
1287,西藏,2016年,理科,专科少数民族,180
1288,西藏,2015年,文科,重点本科汉族,440
1289,西藏,2015年,理科,重点本科汉族,420
1290,西藏,2015年,文科,普通本科汉族,355
1291,西藏,2015年,理科,普通本科汉族,315
1292,西藏,2015年,文科,重点本科少数民族,325
1293,西藏,2015年,理科,重点本科少数民族,280
1294,西藏,2015年,文科,普通本科少数民族,285
1295,西藏,2015年,理科,普通本科少数民族,235
1296,西藏,2015年,文科,专科汉族,315
1297,西藏,2015年,理科,专科汉族,280
1298,西藏,2015年,文科,专科少数民族,245
1299,西藏,2015年,理科,专科少数民族,190
1300,西藏,2014年,文科,重点本科汉族,500
1301,西藏,2014年,理科,重点本科汉族,460
1302,西藏,2014年,文科,普通本科汉族,355
1303,西藏,2014年,理科,普通本科汉族,310
1304,西藏,2014年,文科,重点本科少数民族,340
1305,西藏,2014年,理科,重点本科少数民族,280
1306,西藏,2014年,文科,普通本科少数民族,285
1307,西藏,2014年,理科,普通本科少数民族,230
1308,西藏,2014年,文科,专科汉族,323
1309,西藏,2014年,理科,专科汉族,288
1310,西藏,2014年,文科,专科少数民族,251
1311,西藏,2014年,理科,专科少数民族,196
1312,陕西,2019年,文科,一批,518
1313,陕西,2019年,理科,一批,468
1314,陕西,2019年,文科,二批,400
1315,陕西,2019年,理科,二批,363
1316,陕西,2019年,文科,专科,150
1317,陕西,2019年,理科,专科,150
1318,陕西,2019年,文科,艺术类本科,300
1319,陕西,2019年,理科,艺术类本科,273
1320,陕西,2019年,文科,艺术类专科,105
1321,陕西,2019年,理科,艺术类专科,105
1322,陕西,2018年,文科,一批,518
1323,陕西,2018年,理科,一批,474
1324,陕西,2018年,文科,二批,467
1325,陕西,2018年,理科,二批,425
1326,陕西,2018年,文科,三批,345
1327,陕西,2018年,理科,三批,332
1328,陕西,2018年,文科,专科,160
1329,陕西,2018年,理科,专科,160
1330,陕西,2018年,文科,艺术类本科,304
1331,陕西,2018年,理科,艺术类本科,276
1332,陕西,2018年,文科,艺术类专科,112
1333,陕西,2018年,理科,艺术类专科,112
1334,陕西,2017年,文科,一批,509
1335,陕西,2017年,理科,一批,449
1336,陕西,2017年,文科,二批,457
1337,陕西,2017年,理科,二批,397
1338,陕西,2017年,文科,三批,334
1339,陕西,2017年,理科,三批,301
1340,陕西,2017年,文科,专科,150
1341,陕西,2017年,理科,专科,150
1342,陕西,2017年,文科,艺术类本科,297
1343,陕西,2017年,理科,艺术类本科,258
1344,陕西,2017年,文科,艺术类专科,105
1345,陕西,2017年,理科,艺术类专科,105
1346,陕西,2016年,文科,一批,511
1347,陕西,2016年,理科,一批,470
1348,陕西,2016年,文科,二批,460
1349,陕西,2016年,理科,二批,423
1350,陕西,2016年,文科,三批,381
1351,陕西,2016年,理科,三批,344
1352,陕西,2016年,文科,专科,225
1353,陕西,2016年,理科,专科,200
1354,陕西,2016年,文科,艺术类本科,299
1355,陕西,2016年,理科,艺术类本科,245
1356,陕西,2015年,文科,一批,510
1357,陕西,2015年,理科,一批,480
1358,陕西,2015年,文科,二批,467
1359,陕西,2015年,理科,二批,440
1360,陕西,2015年,文科,三批,382
1361,陕西,2015年,理科,三批,350
1362,陕西,2014年,文科,一批,548
1363,陕西,2014年,理科,一批,503
1364,陕西,2014年,文科,二批,492
1365,陕西,2014年,理科,二批,452
1366,陕西,2014年,文科,三批,387
1367,陕西,2014年,理科,三批,342
1368,陕西,2014年,文科,专科,273
1369,陕西,2014年,理科,专科,256
1370,甘肃,2019年,文科,一批,519
1371,甘肃,2019年,理科,一批,470
1372,甘肃,2019年,文科,二批,400
1373,甘肃,2019年,理科,二批,366
1374,甘肃,2019年,文科,高职,160
1375,甘肃,2019年,理科,高职,160
1376,甘肃,2018年,文科,一批,502
1377,甘肃,2018年,理科,一批,483
1378,甘肃,2018年,文科,二批,456
1379,甘肃,2018年,理科,二批,436
1380,甘肃,2018年,文科,三批,380
1381,甘肃,2018年,理科,三批,370
1382,甘肃,2018年,文科,高职,180
1383,甘肃,2018年,理科,高职,180
1384,甘肃,2018年,文科,民族院校民族班,400
1385,甘肃,2018年,理科,民族院校民族班,380
1386,甘肃,2017年,文科,一批,505
1387,甘肃,2017年,理科,一批,460
1388,甘肃,2017年,文科,二批,458
1389,甘肃,2017年,理科,二批,408
1390,甘肃,2017年,文科,三批,383
1391,甘肃,2017年,理科,三批,337
1392,甘肃,2017年,文科,专科,180
1393,甘肃,2017年,理科,专科,180
1394,甘肃,2016年,文科,一批,504
1395,甘肃,2016年,理科,一批,490
1396,甘肃,2016年,文科,二批,455
1397,甘肃,2016年,理科,二批,435
1398,甘肃,2016年,文科,三批,391
1399,甘肃,2016年,理科,三批,367
1400,甘肃,2016年,文科,专科,200
1401,甘肃,2016年,理科,专科,200
1402,甘肃,2015年,文科,一批,517
1403,甘肃,2015年,理科,一批,475
1404,甘肃,2015年,文科,二批,465
1405,甘肃,2015年,理科,二批,417
1406,甘肃,2015年,文科,三批,415
1407,甘肃,2015年,理科,三批,355
1408,甘肃,2015年,文科,民族班,420
1409,甘肃,2015年,理科,民族班,370
1410,甘肃,2014年,文科,一批,543
1411,甘肃,2014年,理科,一批,516
1412,甘肃,2014年,文科,二批,499
1413,甘肃,2014年,理科,二批,459
1414,甘肃,2014年,文科,三批,446
1415,甘肃,2014年,理科,三批,350
1416,甘肃,2014年,文科,民族班,430
1417,甘肃,2014年,理科,民族班,395
1418,宁夏,2019年,文科,一批,538
1419,宁夏,2019年,理科,一批,457
1420,宁夏,2019年,文科,二批,455
1421,宁夏,2019年,理科,二批,381
1422,宁夏,2019年,文科,高职,200
1423,宁夏,2019年,理科,高职,200
1424,宁夏,2018年,文科,一批,528
1425,宁夏,2018年,理科,一批,463
1426,宁夏,2018年,文科,二批,498
1427,宁夏,2018年,理科,二批,432
1428,宁夏,2018年,文科,三批,418
1429,宁夏,2018年,理科,三批,352
1430,宁夏,2018年,文科,专科,200
1431,宁夏,2018年,理科,专科,200
1432,宁夏,2017年,文科,一批,519
1433,宁夏,2017年,理科,一批,439
1434,宁夏,2017年,文科,二批,487
1435,宁夏,2017年,理科,二批,408
1436,宁夏,2017年,文科,三批,407
1437,宁夏,2017年,理科,三批,328
1438,宁夏,2017年,文科,专科,200
1439,宁夏,2017年,理科,专科,200
1440,宁夏,2016年,文科,一批,516
1441,宁夏,2016年,理科,一批,465
1442,宁夏,2016年,文科,二批,486
1443,宁夏,2016年,理科,二批,434
1444,宁夏,2016年,文科,三批,406
1445,宁夏,2016年,理科,三批,354
1446,宁夏,2016年,文科,专科,200
1447,宁夏,2016年,理科,专科,200
1448,宁夏,2016年,文科,体育类一批,474
1449,宁夏,2016年,理科,体育类一批,423
1450,宁夏,2016年,文科,体育类二批,411
1451,宁夏,2016年,理科,体育类二批,362
1452,宁夏,2015年,文科,一批,507
1453,宁夏,2015年,理科,一批,445
1454,宁夏,2015年,文科,二批,478
1455,宁夏,2015年,理科,二批,416
1456,宁夏,2015年,文科,三批,378
1457,宁夏,2015年,理科,三批,316
1458,宁夏,2015年,文科,专科,200
1459,宁夏,2015年,理科,专科,200
1460,宁夏,2014年,文科,一批,517
1461,宁夏,2014年,理科,一批,473
1462,宁夏,2014年,文科,二批,486
1463,宁夏,2014年,理科,二批,440
1464,宁夏,2014年,文科,三批,370
1465,宁夏,2014年,理科,三批,320
1466,青海,2019年,文科,一批,488
1467,青海,2019年,理科,一批,407
1468,青海,2019年,文科,二批,444
1469,青海,2019年,理科,二批,376
1470,青海,2019年,文科,三批,405
1471,青海,2019年,理科,三批,348
1472,青海,2019年,文科,专科,160
1473,青海,2019年,理科,专科,160
1474,青海,2018年,文科,一批,475
1475,青海,2018年,理科,一批,403
1476,青海,2018年,文科,二批,424
1477,青海,2018年,理科,二批,365
1478,青海,2018年,文科,三批,377
1479,青海,2018年,理科,三批,334
1480,青海,2018年,文科,藏汉双语,455
1481,青海,2018年,理科,藏汉双语,399
1482,青海,2018年,文科,体育本科,367
1483,青海,2018年,理科,体育本科,310
1484,青海,2017年,文科,一批,463
1485,青海,2017年,理科,一批,391
1486,青海,2017年,文科,二批,421
1487,青海,2017年,理科,二批,356
1488,青海,2017年,文科,三批,382
1489,青海,2017年,理科,三批,328
1490,青海,2017年,文科,专科,200
1491,青海,2017年,理科,专科,200
1492,青海,2016年,文科,一批,457
1493,青海,2016年,理科,一批,416
1494,青海,2016年,文科,二批,415
1495,青海,2016年,理科,二批,380
1496,青海,2016年,文科,三批,379
1497,青海,2016年,理科,三批,353
1498,青海,2016年,文科,专科,200
1499,青海,2016年,理科,专科,200
1500,青海,2015年,文科,一批,466
1501,青海,2015年,理科,一批,400
1502,青海,2015年,文科,二批,420
1503,青海,2015年,理科,二批,363
1504,青海,2015年,文科,三批,382
1505,青海,2015年,理科,三批,339
1506,青海,2015年,文科,专科,200
1507,青海,2015年,理科,专科,200
1508,青海,2014年,文科,一批,473
1509,青海,2014年,理科,一批,406
1510,青海,2014年,文科,二批,426
1511,青海,2014年,理科,二批,362
1512,青海,2014年,文科,三批,386
1513,青海,2014年,理科,三批,330
1514,青海,2014年,文科,专科,200
1515,青海,2014年,理科,专科,200
1516,青海,2014年,文科,体育类本科,331
1517,青海,2014年,理科,体育类本科,280
1518,青海,2014年,文科,体育类专科,248
1519,青海,2014年,理科,体育类专科,242
1520,新疆,2019年,文科,汉语言本科一批,510
1521,新疆,2019年,理科,汉语言本科一批,450
1522,新疆,2019年,文科,汉语言本科二批,387
1523,新疆,2019年,理科,汉语言本科二批,326
1524,新疆,2019年,文科,汉语言专科,180
1525,新疆,2019年,理科,汉语言专科,180
1526,新疆,2018年,文科,汉语言本科一批,500
1527,新疆,2018年,理科,汉语言本科一批,467
1528,新疆,2018年,文科,汉语言本科二批,372
1529,新疆,2018年,理科,汉语言本科二批,341
1530,新疆,2018年,文科,汉语言专科,200
1531,新疆,2018年,理科,汉语言专科,200
1532,新疆,2017年,文科,汉语言本科一批,486
1533,新疆,2017年,理科,汉语言本科一批,437
1534,新疆,2017年,文科,汉语言本科二批,375
1535,新疆,2017年,理科,汉语言本科二批,333
1536,新疆,2017年,文科,汉语言专科,200
1537,新疆,2017年,理科,汉语言专科,200
1538,新疆,2016年,文科,汉语本科一批,487
1539,新疆,2016年,理科,汉语本科一批,464
1540,新疆,2016年,文科,汉语本科二批,415
1541,新疆,2016年,理科,汉语本科二批,394
1542,新疆,2016年,文科,汉语本科三批,372
1543,新疆,2016年,理科,汉语本科三批,363
1544,新疆,2016年,文科,汉语言高职,200
1545,新疆,2016年,理科,汉语言高职,200
1546,新疆,2015年,文科,汉语言本科一批,486
1547,新疆,2015年,理科,汉语言本科一批,446
1548,新疆,2015年,文科,民语言本科一批,424
1549,新疆,2015年,理科,民语言本科一批,334
1550,新疆,2015年,文科,汉语言本科二批,414
1551,新疆,2015年,理科,汉语言本科二批,381
1552,新疆,2015年,文科,民语言本科二批,394
1553,新疆,2015年,理科,民语言本科二批,304
1554,新疆,2015年,文科,汉语言本科三批,368
1555,新疆,2015年,理科,汉语言本科三批,350
1556,新疆,2015年,文科,汉语言专科,299
1557,新疆,2015年,理科,汉语言专科,265
1558,新疆,2014年,文科,汉语言本科一批,516
1559,新疆,2014年,理科,汉语言本科一批,475
1560,新疆,2014年,文科,民语言本科一批,456
1561,新疆,2014年,理科,民语言本科一批,359
1562,新疆,2014年,文科,汉语言本科二批,446
1563,新疆,2014年,理科,汉语言本科二批,405
1564,新疆,2014年,文科,民语言本科二批,424
1565,新疆,2014年,理科,民语言本科二批,327
1566,新疆,2014年,文科,汉语言本科三批,389
1567,新疆,2014年,理科,汉语言本科三批,360
1568,新疆,2014年,文科,汉语言专科一批,300
1569,新疆,2014年,理科,汉语言专科一批,265
